{
  "case": "LinearCostatePropagation",
  "optimization": {
    "numberOfSteps": 15000,
    "stepSize": 212.479464
  },
  "vehicle": {
  "maximumThrust": 0.350,
  "specificImpulse": 2000.0,
  "initialMass": 2000.0
},
  "trajectory": {
    "timeOfFlight": 12.12331,
    "initialKeplerianElements": [
      9000.0e3,
      0.01,
      0.6981317007977318,
      1.0e-12,
      1.0e-12,
      1.0e-12
    ],
    "initialCostates": [
      1.0e-9,
      1.0e-9,
      1.0e-9,
      1.0e3,
      1.0e-9,
      1.0e-9
    ],
    "finalCostates": [
      1.0e-9,
      1.0e-9,
      1.0e-9,
      1.0e3,
      1.0e-9,
      1.0e-9
    ]
  }
}