{
  "case": "SimpleCostates",
  "SimpleCostates": {
    "optimization": {
      "stepSize": 212.479464
    },
    "vehicle": {
      "maximumThrust": 0.350,
      "specificImpulse": 2000.0,
      "initialMass": 2000.0
    },
    "trajectory": {
      "timeOfFlight": 138.68,
      "initialKeplerianElements": [
        24505.9e3,
        0.725,
        0.12217304476,
        1.0e-12,
        1.0e-12,
        1.0e-12
      ],
      "initialCostates": [
        -0.17585e-3,
        -2411.9416,
        -1.4360,
        1793.2510,
        -1.5825,
        0.0
      ],
      "finalCostates": [
        -0.0524e-3,
        9851.1740,
        -8.2504,
        5658.9952,
        -4.0730,
        0.0
      ]
    }
  }
}